Trade_ID,Direction,Entry_Time,Entry_Price,Stop_Loss,Take_Profit,Exit_Time,Exit_Price,Exit_Reason,Position_Size,P&L,P&L_%,R_Multiple
1,short,2023-01-02 11:00:00,26763.2763594964,25093.950175418377,22517.412079865142,2023-01-03 06:00:00,25106.497150506086,stop_loss,0.02352529108051518,38.3855754941651,0.38385575494165103,0.9774439096460881
2,short,2023-01-02 12:00:00,26877.995336652948,25093.950175418377,22861.741089800507,2023-01-03 06:00:00,25106.497150506086,stop_loss,0.024862285156404682,43.419288166602605,0.43419288166602604,0.978894327869952
3,short,2023-01-03 00:00:00,24912.866688109654,24912.866688109654,22136.1868849952,2023-01-03 06:00:00,24925.323121453708,stop_loss,0.03619599101746501,-1.35306972124258,-0.013530697212425799,0.0
4,long,2023-01-06 00:00:00,25523.820758446487,24715.882513849567,30907.661672165323,2023-01-06 03:00:00,24703.530748475332,stop_loss,0.03779604528359683,-31.937414129385967,-0.3193741412938597,-1.0458640203883365
5,long,2023-01-06 04:00:00,25370.33102083944,25370.33102083944,28317.49207713212,2023-01-06 07:00:00,25357.65219474207,stop_loss,0.034344872254009284,-1.3063579879349825,-0.013063579879349824,0.0
6,short,2023-01-07 06:00:00,23898.76447918957,24210.730113927726,21335.05687713679,2023-01-07 07:00:00,24222.83547898469,stop_loss,0.07920542133433821,-27.58675997103804,-0.2758675997103804,-1.1164493665029451
7,long,2023-01-08 02:00:00,25780.16458208575,25195.613358072227,30625.504929021397,2023-01-08 03:00:00,25183.021847148655,stop_loss,0.04187028522365717,-26.056956938584513,-0.26056956938584513,-1.0646214244687766
8,long,2023-01-08 12:00:00,28576.993618373508,27142.94053941516,35866.97810381334,2023-01-08 21:00:00,27129.375851489418,stop_loss,0.027774373959346878,-40.96017863781629,-0.4096017863781629,-1.0283769578506758
9,long,2023-01-08 14:00:00,27501.511700246665,27501.511700246665,31978.666149258577,2023-01-08 21:00:00,27487.7678163385,stop_loss,0.022585181185776463,-0.9312243247867672,-0.009312243247867672,0.0
10,long,2023-01-08 17:00:00,28050.35187799091,27142.94053941516,32254.11629890058,2023-01-08 21:00:00,27129.375851489418,stop_loss,0.048089394390561986,-45.59381461757498,-0.4559381461757498,-1.044846324976615
11,long,2023-01-10 06:00:00,31600.261912330927,30297.895247122677,34157.618538231196,2023-01-10 07:00:00,30282.753870187586,stop_loss,0.0782637309287755,-105.48313620748297,-1.0548313620748297,-1.0348781430136
12,long,2023-01-11 15:00:00,30918.12694187854,30918.12694187854,35115.185526238325,2023-01-11 22:00:00,30902.675604076503,stop_loss,0.023646328399701374,-1.0961022236451514,-0.010961022236451514,0.0
13,short,2023-01-12 02:00:00,28921.804186662142,28921.804186662142,20588.14414912125,2023-01-12 06:00:00,28936.265088755474,stop_loss,0.011950262210805314,-0.5186075270320915,-0.005186075270320914,0.0
14,short,2023-01-12 07:00:00,27949.941254326524,29264.59119924997,20883.73592309149,2023-01-12 08:00:00,29279.223494849593,stop_loss,0.028209025974367138,-38.32369562625571,-0.3832369562625571,-1.0334016817663416
15,short,2023-01-12 08:00:00,28610.631308558288,28610.631308558288,25473.93544201297,2023-01-12 12:00:00,28624.936624212565,stop_loss,0.031567932115025184,-1.3552192896082753,-0.013552192896082753,0.0
16,short,2023-01-12 10:00:00,28065.831090885957,28643.75550363413,24049.670728502224,2023-01-12 18:00:00,28658.077381385945,stop_loss,0.049353708300890885,-30.643933055166393,-0.30643933055166395,-1.074369509550257
17,long,2023-01-13 12:00:00,29427.393787322388,28957.57736462659,33080.09790654855,2023-01-13 13:00:00,28943.105811720732,stop_loss,0.05409459308340514,-27.76302650681256,-0.2776302650681256,-1.0924077078201477
18,long,2023-01-13 15:00:00,29909.4851325926,32414.204906723822,34525.6491667291,2023-01-14 11:00:00,34508.39496924448,take_profit,0.02135543628031362,97.47478414562518,0.9747478414562518,1.8223202007760835
19,short,2023-01-15 11:00:00,31595.83624376954,32365.97586965511,25382.36379892288,2023-01-16 01:00:00,32382.158857589937,stop_loss,0.03209271571917754,-26.274459527488514,-0.26274459527488514,-1.063060184361468
20,long,2023-01-17 09:00:00,36306.63721708085,36306.63721708085,41052.808170932185,2023-01-17 12:00:00,36288.49297059556,stop_loss,0.020922979889111105,-1.138895112944829,-0.01138895112944829,0.0
21,long,2023-01-17 13:00:00,36577.03609074258,36009.10199720378,41863.599396304664,2023-01-17 15:00:00,35991.10644398179,stop_loss,0.03760937165410172,-23.390048746676968,-0.23390048746676967,-1.0950579658452642
22,long,2023-01-17 15:00:00,37415.540653598946,36029.83009956205,44377.85595659362,2023-01-17 17:00:00,36011.82418746832,stop_loss,0.028508108355284324,-41.0439301025564,-0.41043930102556403,-1.0389819765201553
23,short,2023-01-18 01:00:00,35559.42376771888,35759.91925970322,31208.08894326636,2023-01-18 02:00:00,35777.79921933307,stop_loss,0.04535738261785286,-11.527726241627354,-0.11527726241627355,-1.2676257621461715
24,short,2023-01-18 05:00:00,35100.51893218772,35513.70710907147,32480.093548845827,2023-01-18 06:00:00,35531.463962626,stop_loss,0.07502277834461014,-34.99636264241028,-0.34996362642410284,-1.1289686406785906
25,long,2023-01-19 04:00:00,41743.745160922546,39714.23582206042,51031.31959648042,2023-01-19 06:00:00,39694.38862774655,stop_loss,0.021180160159586247,-44.24643310533457,-0.44246433105334565,-1.0293379201570965
26,short,2023-01-19 21:00:00,36087.91006524734,34780.12030510528,31857.331213143007,2023-01-20 11:00:00,34797.51036525783,stop_loss,0.023095689469080537,28.9989982682593,0.28998998268259296,0.9600948316706948
27,short,2023-01-21 08:00:00,33618.043077965725,34317.7032394575,25085.800028879683,2023-01-21 09:00:00,34334.86209107723,stop_loss,0.023110265455625216,-17.359365453953234,-0.17359365453953235,-1.073598178865887
28,short,2023-01-22 11:00:00,32401.097149784215,33164.254094920754,27411.303990985256,2023-01-22 15:00:00,33180.83622196821,stop_loss,0.03939425877764362,-32.02437723724285,-0.3202437723724285,-1.065206722662427
29,short,2023-01-22 13:00:00,32100.11214453648,33164.254094920754,26507.897497734182,2023-01-22 15:00:00,33180.83622196821,stop_loss,0.03515915217868898,-39.16395237173974,-0.39163952371739735,-1.0467634635129772
30,short,2023-01-22 16:00:00,31588.268658579527,30381.130588676962,27845.22455036609,2023-01-23 05:00:00,27859.14716264127,take_profit,0.026036316009424798,96.36723614650778,0.9636723614650778,3.0661466497153596
31,short,2023-01-23 11:00:00,26936.118229476528,26936.118229476528,20996.451695089294,2023-01-24 01:00:00,26949.586288591265,stop_loss,0.016696068232202838,-0.67481576543895,-0.006748157654389501,0.0
32,short,2023-01-23 14:00:00,27071.56350556834,27071.56350556834,24278.775689950144,2023-01-24 02:00:00,27085.099287321125,stop_loss,0.03541463604812132,-1.4385737179893479,-0.01438573717989348,0.0
33,short,2023-01-24 23:00:00,25837.530679448064,26554.269879558135,20212.86228348904,2023-01-25 02:00:00,26567.54701449791,stop_loss,0.0353604099425331,-26.753116225708386,-0.2675311622570839,-1.055591604237854
34,short,2023-01-25 00:00:00,25962.16805512905,26554.269879558135,20754.790412509927,2023-01-25 02:00:00,26567.54701449791,stop_loss,0.038183024288019236,-24.129628801964788,-0.2412962880196479,-1.0672936314504586
35,short,2023-01-25 02:00:00,25602.39706699581,26509.120044615353,20567.315379640266,2023-01-25 04:00:00,26522.37460463766,stop_loss,0.0392817211471446,-37.18014561866327,-0.3718014561866327,-1.043868894479074
36,long,2023-01-26 05:00:00,29579.216274233684,27857.31776338165,35502.98704905331,2023-01-26 08:00:00,27843.396065348974,stop_loss,0.03326134896955255,-58.66183062914299,-0.58661830629143,-1.0242552588522522
37,long,2023-01-27 02:00:00,32476.976552018805,31188.360063094515,38195.81446014099,2023-01-27 06:00:00,31172.773676256387,stop_loss,0.03423306828742372,-45.71400579659693,-0.45714005796596935,-1.0362863279465075
38,long,2023-01-27 09:00:00,32679.826115209667,31661.201549031623,36656.00295131945,2023-01-27 11:00:00,31645.378859601824,stop_loss,0.04893930498799635,-52.173832583658815,-0.5217383258365882,-1.0466001605159634
39,short,2023-01-27 17:00:00,30756.848725276344,29731.138422693737,24344.587839731867,2023-01-28 03:00:00,29746.003991905083,stop_loss,0.01511542354188016,14.82972283096943,0.1482972283096943,0.956506653885678
40,short,2023-01-27 19:00:00,29697.35563948227,29697.35563948227,23514.133269993687,2023-01-28 03:00:00,29712.20431730201,stop_loss,0.01569857642367141,-0.6995424137345723,-0.006995424137345722,0.0
41,short,2023-01-27 20:00:00,29554.710675079117,29554.710675079117,23422.659498243953,2023-01-28 03:00:00,29569.488030416655,stop_loss,0.015827926341835896,-0.7019185703209089,-0.007019185703209089,0.0
42,short,2023-01-28 20:00:00,28471.20924229,29664.236367486003,22441.646154089558,2023-01-28 21:00:00,29679.068485669744,stop_loss,0.03241898603502952,-40.11973725017891,-0.40119737250178905,-1.0373094506649199
43,short,2023-01-28 21:00:00,29102.483427583673,29682.383748485674,25039.33082892742,2023-01-28 22:00:00,29697.224940359916,stop_loss,0.047848332407070336,-29.87835229011544,-0.2987835229011544,-1.0768035733198513
44,short,2023-01-29 13:00:00,28101.803055219574,28101.803055219574,25309.95544852806,2023-01-29 16:00:00,28115.85395674718,stop_loss,0.06931279241063018,-2.9226955695168773,-0.029226955695168772,0.0
45,short,2023-01-29 15:00:00,27763.73897397905,28304.065057615713,24295.256108684625,2023-01-29 16:00:00,28318.21709014452,stop_loss,0.055837237461654324,-32.54173725177528,-0.3254173725177528,-1.0786011464282939
46,short,2023-01-30 16:00:00,27122.85590618935,27650.480809235065,23030.919227152448,2023-01-30 19:00:00,27664.30604963968,stop_loss,0.047181571473825595,-26.85171407586968,-0.2685171407586968,-1.0786345493071983
47,long,2023-02-01 23:00:00,26954.650964860644,25777.612430269306,32494.921352705485,2023-02-02 01:00:00,25764.73006523669,stop_loss,0.03477657665657087,-42.27738449117777,-0.42277384491177766,-1.0328341799882284
48,long,2023-02-02 00:00:00,26621.429689138713,25777.612430269306,31495.757107662215,2023-02-02 01:00:00,25764.73006523669,stop_loss,0.03951224929403439,-34.86815154705336,-0.34868151547053355,-1.045800313624343
49,long,2023-02-02 01:00:00,27606.893057885198,27606.893057885198,34450.66975757671,2023-02-02 08:00:00,27593.096509630384,stop_loss,0.01396661986343879,-0.5780734347077557,-0.005780734347077558,0.0
50,long,2023-02-02 02:00:00,28003.24870782782,27212.186947130747,35639.142471047846,2023-02-02 13:00:00,27198.587653304097,stop_loss,0.02503811478846301,-20.828197208718187,-0.20828197208718188,-1.0515735730216609
51,long,2023-02-02 17:00:00,28691.7041567042,28222.6877384002,34104.064313030714,2023-02-03 01:00:00,28208.583446676865,stop_loss,0.03523571200270689,-18.017051723397874,-0.18017051723397876,-1.0902161918404027
52,long,2023-02-04 04:00:00,29748.509073494082,29748.509073494082,33443.240291108086,2023-02-04 06:00:00,29733.6422523679,stop_loss,0.05144284470118526,-2.29437471118369,-0.0229437471118369,0.0
53,long,2023-02-05 01:00:00,31540.93119914962,30982.92766726362,34669.543016171585,2023-02-05 02:00:00,30967.443945290976,stop_loss,0.060665685450278534,-36.669658565916805,-0.366696585659168,-1.0832452901524356
54,long,2023-02-05 14:00:00,33060.621336964665,31960.498594618344,36988.80746611537,2023-02-05 18:00:00,31944.52633145262,stop_loss,0.04816133772588799,-55.291119615785014,-0.5529111961578501,-1.0435558575900183
55,long,2023-02-05 19:00:00,32518.9610357141,32071.758182653244,35182.183973544685,2023-02-05 21:00:00,32055.730317494497,stop_loss,0.07047743684038038,-34.906519394669516,-0.34906519394669516,-1.107520770824998
56,long,2023-02-06 01:00:00,33215.77010461313,33446.32685640815,38944.03358005197,2023-02-06 08:00:00,33429.61205038296,stop_loss,0.016370888466489777,2.9535101933001275,0.029535101933001275,0.7825072669302788
57,long,2023-02-06 12:00:00,34228.981694159294,34228.981694159294,38485.96215588934,2023-02-06 16:00:00,38466.728791493595,take_profit,0.02209390930262398,92.77851959887418,0.9277851959887418,0.0
58,long,2023-02-06 13:00:00,34385.96414937034,34385.96414937034,38956.674165517645,2023-02-06 16:00:00,38937.20556273628,take_profit,0.04115880341538228,185.72104183937432,1.8572104183937435,0.0
59,long,2023-02-07 19:00:00,46598.111187020106,45052.31682369431,50219.07125073647,2023-02-07 21:00:00,50193.97426360467,take_profit,0.05345282971704561,189.52604675935234,1.8952604675935232,2.293752122819499
60,long,2023-02-08 09:00:00,51902.08984667555,50228.88261575671,57648.71951219858,2023-02-08 13:00:00,50203.78072539401,stop_loss,0.03439431722264407,-60.138907419512506,-0.601389074195125,-1.0450067808078602
61,long,2023-02-08 19:00:00,53803.23818116673,51180.994912429764,62938.45104386562,2023-02-08 20:00:00,51155.417203827856,stop_loss,0.021534642264507447,-58.12149113682718,-0.5812149113682717,-1.029262397856281
62,long,2023-02-08 20:00:00,52272.65453999034,51068.87339578393,58348.99484843417,2023-02-08 21:00:00,51043.35171992397,stop_loss,0.032136954552859996,-41.146426734624356,-0.4114642673462436,-1.0636037771054765
63,short,2023-02-09 07:00:00,49479.438083718545,50125.88183202866,38130.89029318989,2023-02-09 08:00:00,50150.94477294467,stop_loss,0.01716797848562551,-12.389402734483417,-0.12389402734483417,-1.116350240659877
64,long,2023-02-10 00:00:00,52214.05524936506,54061.05652259074,64252.77191227156,2023-02-10 15:00:00,54034.039502839325,stop_loss,0.008080982544541057,14.270612853631626,0.14270612853631626,0.9561174859870537
65,short,2023-02-10 22:00:00,49313.829841974926,49313.829841974926,34005.46824087269,2023-02-11 12:00:00,49338.48675689591,stop_loss,0.006379078113772159,-0.4720224473631349,-0.004720224473631349,0.0
66,short,2023-02-11 12:00:00,48143.86375857126,49292.80555074596,42614.527372156095,2023-02-11 13:00:00,49317.451953521326,stop_loss,0.03525840053219247,-43.11769711160673,-0.4311769711160673,-1.0643756326322604
67,long,2023-02-12 15:00:00,60679.74785351376,60679.74785351376,69197.30686491875,2023-02-12 23:00:00,60649.423141942796,stop_loss,0.011400845230239341,-1.0371820298168328,-0.010371820298168329,0.0
68,long,2023-02-13 17:00:00,68066.97343103621,68066.97343103621,83048.00795962811,2023-02-14 05:00:00,68032.95695255994,stop_loss,0.013020315359870855,-1.328715831580204,-0.01328715831580204,0.0
69,short,2023-02-14 18:00:00,63482.30162593128,63482.30162593128,58323.64095890588,2023-02-14 22:00:00,63514.04277674424,stop_loss,0.01882863004943413,-1.7935248003877509,-0.01793524800387751,0.0
70,short,2023-02-14 19:00:00,62864.77687930254,62864.77687930254,57054.728266388454,2023-02-14 22:00:00,62896.20926774219,stop_loss,0.01672592996647861,-1.5777335190899904,-0.015777335190899903,0.0
71,short,2023-02-14 20:00:00,60943.937418198315,63506.66262838425,51289.328623884125,2023-02-14 22:00:00,63538.41595969844,stop_loss,0.02026720800426357,-53.87058255569802,-0.5387058255569802,-1.0371837553613386
72,short,2023-02-15 02:00:00,62092.22702953119,63383.05541477907,54735.919892299746,2023-02-15 03:00:00,63414.746942486454,stop_loss,0.026518733357563724,-36.753231696834206,-0.36753231696834204,-1.0736784809946744
73,long,2023-02-16 06:00:00,69085.32252270993,75296.96784418996,84109.26224989719,2023-02-16 20:00:00,84067.2286355794,take_profit,0.006479203447144941,96.5261290537382,0.9652612905373821,2.3983724300414884
74,long,2023-02-17 09:00:00,86797.50819799733,86797.50819799733,102407.40611428014,2023-02-17 19:00:00,86754.13113243112,stop_loss,0.006303078110655687,-0.820227097424624,-0.00820227097424624,0.0
75,long,2023-02-17 13:00:00,91059.41780005393,86695.00870364154,109794.44617060106,2023-02-17 19:00:00,86651.68286221044,stop_loss,0.010505861464834012,-47.217403206537554,-0.47217403206537556,-1.0297812421846873
76,long,2023-02-17 14:00:00,90795.62708216681,86695.00870364154,105047.49690694781,2023-02-17 19:00:00,86651.68286221044,stop_loss,0.013833039460739154,-58.52200006613092,-0.5852200006613092,-1.0316970545159712
77,short,2023-02-18 11:00:00,81757.13399626635,84673.68503189135,64278.18072702525,2023-02-18 12:00:00,84716.02187440729,stop_loss,0.011165274335421463,-33.98267251203007,-0.3398267251203007,-1.0435627091171826
78,long,2023-02-18 14:00:00,90195.96888351334,90870.25357247579,119823.16769537184,2023-02-19 00:00:00,90824.84115189985,stop_loss,0.003284453712177923,1.7671918697084807,0.01767191869708481,0.7979529063050838
79,short,2023-02-19 13:00:00,85773.28947439561,85773.28947439561,68215.24391711381,2023-02-19 18:00:00,85816.17611913281,stop_loss,0.005547131344901091,-0.7139314517493445,-0.007139314517493445,0.0
80,short,2023-02-19 14:00:00,85962.84402400343,85962.84402400343,68784.19189776166,2023-02-19 18:00:00,86005.82544601543,stop_loss,0.005668750731333349,-0.7311965533603145,-0.007311965533603145,0.0
81,short,2023-02-19 18:00:00,80651.95605444092,84985.82561362693,61974.46772928118,2023-02-19 23:00:00,85028.31852643374,stop_loss,0.010461836442556903,-46.67434075674207,-0.4667434075674207,-1.0294243353639807
82,long,2023-02-21 03:00:00,84058.77536431473,85442.97890045363,92459.71072255669,2023-02-21 09:00:00,92413.5039705714,take_profit,0.011540432749062789,95.35069178949857,0.9535069178949857,5.969003030676416
83,long,2023-02-21 07:00:00,86216.22697790185,85442.97890045363,93299.45142379818,2023-02-21 09:00:00,93252.82501129253,take_profit,0.027388957789250188,190.1709888284955,1.901709888284955,8.979453568501498
84,short,2023-02-22 04:00:00,85809.70430038037,89370.07999654753,61671.32881469614,2023-02-22 07:00:00,89414.7650365458,stop_loss,0.008306291535416512,-30.687390583437608,-0.30687390583437607,-1.0376645097255248
85,long,2023-02-23 04:00:00,93613.72326947682,93613.72326947682,115218.96688711058,2023-02-23 13:00:00,93566.93979957703,stop_loss,0.004623758882946639,-0.6489464535726501,-0.006489464535726502,0.0
86,long,2023-02-24 08:00:00,93998.37531132053,92504.02916994474,102406.90869602743,2023-02-24 09:00:00,92457.80026980984,stop_loss,0.02371588652052825,-38.72882155996207,-0.38728821559962073,-1.092807614357022
87,short,2023-02-26 20:00:00,81667.97241243396,79773.74964475766,66829.39754018541,2023-02-27 11:00:00,79813.63651958003,stop_loss,0.006710921649210067,11.908679827039244,0.11908679827039242,0.9368075849448289
88,short,2023-02-26 21:00:00,81417.58804452547,79773.74964475766,74904.1565146525,2023-02-27 11:00:00,79813.63651958003,stop_loss,0.015233662819464422,23.21820268265006,0.23218202682650058,0.9271823122279763
89,short,2023-02-27 04:00:00,78089.48363994386,79734.60313759893,65170.463993332916,2023-02-27 11:00:00,79774.47043916772,stop_loss,0.01552762983479696,-27.40255974211376,-0.27402559742113763,-1.0727252775123632
90,short,2023-02-27 05:00:00,75617.23000402885,79734.60313759893,57749.99470513403,2023-02-27 11:00:00,79774.47043916772,stop_loss,0.011236148248101758,-47.60772760849169,-0.4760772760849169,-1.0290577919772421
91,long,2023-03-01 16:00:00,104603.08601742331,102249.44539603626,135019.13330172515,2023-03-01 21:00:00,102198.3462229248,stop_loss,0.0065762542788960696,-16.486262674847115,-0.16486262674847116,-1.0651320842873822
92,long,2023-03-01 18:00:00,103065.94964858315,102249.44539603626,130410.02874748179,2023-03-01 21:00:00,102198.3462229248,stop_loss,0.007313355139456597,-7.092504772642048,-0.07092504772642048,-1.1877485865581383
93,long,2023-03-01 21:00:00,106537.15091353805,109944.81764696249,119603.37246747501,2023-03-02 11:00:00,119543.60066714145,take_profit,0.0076171570612085645,98.16158819997055,0.9816158819997055,3.781738990651213
94,long,2023-03-01 22:00:00,107599.2048921702,112097.60278586841,122744.3357133074,2023-03-02 13:00:00,122682.99421619931,take_profit,0.006573944705488155,98.35348574511893,0.9835348574511894,3.3258743853610317
95,long,2023-03-02 07:00:00,110447.8293159598,112097.60278586841,127383.2994327755,2023-03-02 13:00:00,127319.63961296903,take_profit,0.005931003056220667,99.31162526387563,0.9931162526387562,10.149569600197164
96,long,2023-03-03 04:00:00,125969.10448925967,125969.10448925967,142959.74673582806,2023-03-03 10:00:00,125906.1514135529,stop_loss,0.006091469267173197,-1.1504301778255273,-0.011504301778255272,0.0
97,long,2023-03-03 11:00:00,128027.71480619554,126026.46225310599,137693.32399379386,2023-03-03 14:00:00,125963.48051284956,stop_loss,0.021398800596508578,-46.867605429721934,-0.4686760542972193,-1.094413481435702
98,long,2023-03-04 22:00:00,154693.58180062374,147897.79894883814,168381.76740915744,2023-03-05 01:00:00,147823.88700533548,stop_loss,0.015052671084329717,-105.63240055270441,-1.056324005527044,-1.0326284455145207
99,long,2023-03-05 11:00:00,156795.8814834385,158594.56848842013,193286.04229779282,2023-03-05 19:00:00,158515.31083300363,stop_loss,0.002803557739828474,4.376112634494353,0.04376112634494353,0.8678074809063672
100,long,2023-03-05 12:00:00,155648.56944498312,158594.56848842013,176858.5370529182,2023-03-05 19:00:00,158515.31083300363,stop_loss,0.004815592645271514,13.041713579036694,0.13041713579036693,0.9192895303957398
101,long,2023-03-05 17:00:00,165052.3898881464,158594.56848842013,189320.43424817387,2023-03-05 19:00:00,158515.31083300363,stop_loss,0.008474359774349441,-56.74087556038579,-0.5674087556038578,-1.0368193778569939
102,short,2023-03-06 05:00:00,146918.46527215527,153446.4797234999,114426.60960423108,2023-03-06 06:00:00,153523.20296336166,stop_loss,0.006311595100291087,-42.655406346130675,-0.42655406346130675,-1.0352705167154899
103,short,2023-03-06 17:00:00,148153.19827440858,151003.69238170492,131150.80660543227,2023-03-06 20:00:00,151079.19422789576,stop_loss,0.0119852466868631,-36.879504719380826,-0.36879504719380823,-1.0794883384739349
104,short,2023-03-06 19:00:00,148600.9602390048,151044.4761190004,132494.7641421679,2023-03-06 20:00:00,151119.9983570599,stop_loss,0.012646713262587709,-33.76872406403575,-0.33768724064035754,-1.092752512178051
105,short,2023-03-07 11:00:00,141608.32759520633,141608.32759520633,117510.57950129581,2023-03-07 17:00:00,141679.1317590039,stop_loss,0.004203326838457765,-0.8931367389369591,-0.008931367389369591,0.0
106,short,2023-03-07 12:00:00,142456.4229204772,139709.79065588544,127516.7190573125,2023-03-08 02:00:00,139779.64555121338,stop_loss,0.0067668280367799575,17.16742732606536,0.1716742732606536,0.9236757888627251
107,short,2023-03-08 07:00:00,125756.16638595259,125756.16638595259,96919.14511278123,2023-03-08 23:00:00,125819.04446914556,stop_loss,0.003544372688809057,-0.6688129457423404,-0.006688129457423404,0.0
109,short,2023-03-08 16:00:00,125252.5821680964,125252.5821680964,106483.33254658045,2023-03-08 23:00:00,125315.20845918045,stop_loss,0.005438296061436482,-1.0220815167463897,-0.010220815167463898,0.0
108,short,2023-03-08 08:00:00,126871.66208079287,126871.66208079287,100267.30544084433,2023-03-09 00:00:00,126935.09791183326,stop_loss,0.0038407034154008235,-0.7311582770198366,-0.007311582770198366,0.0
110,short,2023-03-09 05:00:00,123577.96085418278,125788.66502288083,115422.22759334132,2023-03-09 07:00:00,125851.55935539227,stop_loss,0.025037702545170865,-60.07671688841573,-0.6007671688841574,-1.0853781770258242
111,long,2023-03-09 17:00:00,137317.2557354341,137317.2557354341,165604.59197675373,2023-03-10 00:00:00,137248.63141972423,stop_loss,0.0036056252403913556,-0.7423006944842028,-0.007423006944842028,0.0
112,long,2023-03-10 11:00:00,146989.4039467763,154569.6420495062,166286.57094305064,2023-03-11 01:00:00,166203.46920844642,take_profit,0.005288710634782958,100.73862923166807,1.0073862923166805,2.512831593720243
113,long,2023-03-11 14:00:00,165311.03837986136,162483.50279577036,189657.2721751858,2023-03-11 16:00:00,162402.3016449479,stop_loss,0.008520315611171376,-26.167073877266407,-0.26167073877266406,-1.0861539829376592
114,long,2023-03-12 02:00:00,173623.6430402297,169391.59503506828,213943.16633598958,2023-03-12 04:00:00,169306.94156428616,stop_loss,0.005137538526595122,-23.04704107557655,-0.2304704107557655,-1.0600088685281173
115,long,2023-03-12 06:00:00,173236.4834142376,173236.4834142376,188332.25731533646,2023-03-12 11:00:00,173149.9084600076,stop_loss,0.013641442712374864,-3.5430218353650176,-0.03543021835365018,0.0
116,long,2023-03-12 10:00:00,176144.0884227571,171970.69161051814,197050.7131129962,2023-03-12 11:00:00,171884.7492359002,stop_loss,0.009862596274746038,-43.703372684674335,-0.43703372684674335,-1.0617787225738349
117,long,2023-03-12 16:00:00,176657.0298923234,173677.08800740607,189145.25322052295,2023-03-12 17:00:00,173590.2928609756,stop_loss,0.016386118993758806,-53.096389113212865,-0.5309638911321287,-1.087379368238473
118,long,2023-03-13 06:00:00,196847.34261662108,186129.4264251077,236606.84735636247,2023-03-13 08:00:00,186036.4082209972,stop_loss,0.0051422226625246065,-56.54887248665261,-0.5654887248665261,-1.026036274901315
119,long,2023-03-13 14:00:00,193724.55765703175,193724.55765703175,224256.0242376617,2023-03-13 20:00:00,193627.7437851392,stop_loss,0.006654130178463054,-1.9326363199624628,-0.019326363199624625,0.0
120,long,2023-03-13 18:00:00,195972.63044840362,191233.78405435104,230996.8721878022,2023-03-13 20:00:00,191138.21494687762,stop_loss,0.00580199570885497,-29.158241097595806,-0.29158241097595805,-1.0605015015426804
121,long,2023-03-13 21:00:00,199057.4003044135,195410.84851669447,220989.67391777792,2023-03-14 01:00:00,220879.23430062764,take_profit,0.00922000573253258,199.16092673301958,1.991609267330196,5.923665977996522
122,long,2023-03-13 23:00:00,200183.6337295331,195410.84851669447,222836.75575498404,2023-03-14 01:00:00,222725.39305845482,take_profit,0.008926059997833146,199.2210360051897,1.9922103600518968,4.676312245484231
123,long,2023-03-14 17:00:00,205838.47024816682,205838.47024816682,246308.85014444555,2023-03-14 19:00:00,205735.60244694335,stop_loss,0.005201552338641533,-1.6052167560745967,-0.016052167560745966,0.0
124,short,2023-03-16 19:00:00,202163.621551954,206937.77726739546,179186.64465154498,2023-03-17 00:00:00,207041.24615602914,stop_loss,0.009142460773031375,-46.48635807971058,-0.4648635807971058,-1.0650398003955759
125,short,2023-03-17 04:00:00,193625.8207949844,193625.8207949844,144824.44173662883,2023-03-17 12:00:00,193722.6337053819,stop_loss,0.002147539735339294,-0.6239366254893154,-0.006239366254893154,0.0
126,short,2023-03-17 17:00:00,181305.02083572245,179709.82801537908,135341.68143412046,2023-03-18 06:00:00,179799.68292938676,stop_loss,0.0022823389854499587,3.0253275639842694,0.030253275639842696,0.8309579923516561
127,long,2023-03-19 08:00:00,183722.10731367604,183722.10731367604,221361.21395909836,2023-03-19 15:00:00,183630.29216759224,stop_loss,0.0027903735741882526,-0.7685956720273814,-0.0076859567202738135,0.0
128,long,2023-03-19 19:00:00,190748.313022667,183704.83534487008,225973.63322704026,2023-03-19 22:00:00,183613.02883045486,stop_loss,0.005970762190501804,-43.69939480356979,-0.43699394803569785,-1.0391027778953397
129,long,2023-03-20 03:00:00,192262.00938337843,184984.68431590433,228510.7344384137,2023-03-20 06:00:00,184892.23819680593,stop_loss,0.005777788729994927,-43.64924919453697,-0.4364924919453697,-1.0381099311524185
130,short,2023-03-20 20:00:00,181153.11736298742,181153.11736298742,166191.16089857975,2023-03-21 01:00:00,181243.69392166892,stop_loss,0.006945529681538127,-1.8879356324984728,-0.01887935632498473,0.0
131,long,2023-03-21 06:00:00,191103.21905122983,186624.2980936528,217649.65518099014,2023-03-21 10:00:00,186531.03257736412,stop_loss,0.007858801687281381,-37.39781716893022,-0.37397817168930214,-1.0624696330915808
132,long,2023-03-21 07:00:00,192540.5035795097,186624.2980936528,221959.35391646205,2023-03-21 10:00:00,186531.03257736412,stop_loss,0.0070927701825486715,-43.94681848289382,-0.4394681848289382,-1.047293243876485
133,long,2023-03-21 15:00:00,194847.7779263314,188717.38330865273,232540.80450824008,2023-03-21 18:00:00,188623.07177276636,stop_loss,0.005495737069993036,-35.24597116575864,-0.3524597116575864,-1.0461527561118529
134,long,2023-03-23 07:00:00,191093.74083239594,186890.45277477422,220559.6067017338,2023-03-23 08:00:00,186797.0542476504,stop_loss,0.007000973172258359,-31.388748674850564,-0.31388748674850564,-1.0666610466687856
135,long,2023-03-24 09:00:00,208802.75888948917,202106.64916110234,263906.97346611903,2023-03-24 12:00:00,202005.64633793337,stop_loss,0.003736784082413103,-26.154193472817166,-0.26154193472817167,-1.045251419375993
136,long,2023-03-24 10:00:00,205620.55733837394,202106.64916110234,254365.13972964164,2023-03-24 12:00:00,202005.64633793337,stop_loss,0.004223092612107395,-16.119192492040014,-0.16119192492040016,-1.0862311859674636
137,long,2023-03-24 21:00:00,209122.47772083594,217006.57145464685,249475.34263034328,2023-03-25 08:00:00,216898.12239345015,stop_loss,0.002538749625491487,19.189764973558006,0.19189764973558007,0.9587337245630523
138,short,2023-03-28 02:00:00,177714.0912545868,185680.83633329245,148386.0986976904,2023-03-28 04:00:00,185773.67675145908,stop_loss,0.0070154422772569815,-57.8448413378087,-0.5784484133780871,-1.034972136319862
139,short,2023-03-29 11:00:00,179621.97749854543,179621.97749854543,152175.39960347745,2023-03-29 15:00:00,179711.7884872947,stop_loss,0.0037257611352360786,-1.0041774884888506,-0.010041774884888506,0.0
140,short,2023-03-29 20:00:00,178324.58242979794,180252.3206718905,166758.7938368246,2023-03-29 21:00:00,180342.44683222644,stop_loss,0.01763084770233685,-38.756250177549646,-0.38756250177549645,-1.1403035958214753
141,short,2023-03-30 02:00:00,177278.53119456655,176294.2718243397,164526.38258669674,2023-03-30 06:00:00,164608.64577799008,take_profit,0.007968630303246916,99.64992742627446,0.9964992742627446,12.705265653621655
142,long,2023-04-02 01:00:00,181991.55812835315,177970.45590111267,220562.8257023578,2023-04-02 02:00:00,177881.51514354092,stop_loss,0.0053529474059373925,-22.95303432889363,-0.22953034328893632,-1.0663555059375842
143,short,2023-04-02 11:00:00,173190.59578787343,175570.37723339177,144734.58321748732,2023-04-02 14:00:00,175658.16242200846,stop_loss,0.007234003222475809,-19.12109669602158,-0.1912109669602158,-1.1107006492276095
144,short,2023-04-02 14:00:00,172563.21952126932,175455.08415906728,155770.945949266,2023-04-02 15:00:00,175542.8117011468,stop_loss,0.0122089255246706,-38.52080813246565,-0.38520808132465656,-1.0910382700281354
145,short,2023-04-02 15:00:00,174272.6636211739,175962.68593412498,160901.84241512965,2023-04-02 16:00:00,176050.66727709203,stop_loss,0.015251559911933929,-29.80237658138524,-0.29802376581385237,-1.1562298960320194
146,long,2023-04-03 14:00:00,184735.46767117654,181566.35092552207,202916.1986821919,2023-04-03 16:00:00,181475.6131189626,stop_loss,0.011197053157718876,-38.53275679449408,-0.3853275679449408,-1.0858956742605672
147,long,2023-04-03 18:00:00,192006.8587054832,183612.75380572607,219613.2572468295,2023-04-03 20:00:00,183520.99330907155,stop_loss,0.0073564395338513635,-63.77581677157448,-0.6377581677157449,-1.0327946211360255
148,long,2023-04-04 13:00:00,189516.77464739367,183649.96093411962,218906.5839457912,2023-04-04 15:00:00,183558.18184319802,stop_loss,0.0068674788065899006,-42.181091723497055,-0.4218109172349705,-1.046931313353589
149,long,2023-04-04 19:00:00,189202.58102588487,183789.69213701,212591.05646451318,2023-04-04 20:00:00,183697.8432154023,stop_loss,0.008585473510315104,-48.837913619955856,-0.4883791361995586,-1.0509056754128872
150,short,2023-04-05 02:00:00,172900.4955909154,180327.5197645093,131518.68998779132,2023-04-05 06:00:00,180417.68352439156,stop_loss,0.004837475281930832,-37.23697690229204,-0.3723697690229204,-1.0364320132912268
151,short,2023-04-05 07:00:00,177205.56774188933,180071.62682389078,163124.0479841052,2023-04-05 08:00:00,180161.6626373027,stop_loss,0.014102818911091466,-44.23005829691177,-0.4423005829691178,-1.0942749148983162
152,short,2023-04-06 00:00:00,163230.30464407447,170862.96901269336,128814.57319442046,2023-04-06 02:00:00,170948.4004971997,stop_loss,0.005765725177504354,-45.48606107955695,-0.4548606107955695,-1.033589828220095
153,short,2023-04-06 02:00:00,164958.3488012799,164958.3488012799,142224.77550176502,2023-04-06 06:00:00,165040.82797568053,stop_loss,0.004338432753764424,-1.073848885521197,-0.01073848885521197,0.0
154,long,2023-04-06 13:00:00,173322.32497333604,169508.9061046275,201506.13439389615,2023-04-06 14:00:00,169424.1940076237,stop_loss,0.007009998003633545,-28.513553549306234,-0.28513553549306236,-1.066642637423537
155,long,2023-04-06 14:00:00,170484.45558708964,172258.133437554,191510.4992464714,2023-04-06 19:00:00,172172.0474138471,stop_loss,0.0046794941460411,7.091397986233264,0.07091397986233264,0.8543940371961304
156,long,2023-04-07 16:00:00,211520.4209692989,217076.55075032706,238279.28658766614,2023-04-08 04:00:00,216968.0667169686,stop_loss,0.003682086401248814,19.259807158351773,0.19259807158351772,0.9414246763661447
157,long,2023-04-07 22:00:00,222421.55511130235,217076.55075032706,254157.34053149683,2023-04-08 04:00:00,216968.0667169686,stop_loss,0.006239846653739056,-35.38277877366033,-0.3538277877366032,-1.060889024235715
158,long,2023-04-07 23:00:00,220728.2891155592,220728.2891155592,249080.0811739461,2023-04-08 04:00:00,220617.98012549646,stop_loss,0.003490469879213462,-1.1550906216614047,-0.011550906216614048,0.0
159,short,2023-04-09 21:00:00,206453.66226249567,211843.47998023545,177590.07069320962,2023-04-09 22:00:00,211949.40172022555,stop_loss,0.006859129585760491,-39.1497775221698,-0.391497775221698,-1.0589762322877998
160,long,2023-04-11 21:00:00,190407.9590420002,184139.63857884175,220675.3578698329,2023-04-12 00:00:00,184047.61477145605,stop_loss,0.006517047711187445,-42.650114157309794,-0.42650114157309793,-1.0440423274112656
161,long,2023-04-11 22:00:00,189555.35795877923,184139.63857884175,218118.83288266353,2023-04-12 00:00:00,184047.61477145605,stop_loss,0.006903759388625359,-39.29475418805233,-0.3929475418805233,-1.0509759466452167
162,long,2023-04-12 18:00:00,189679.1308172235,188602.79408954625,211975.76047761846,2023-04-12 19:00:00,188508.53981963644,stop_loss,0.008761433488405029,-11.907660201110685,-0.11907660201110687,-1.2627085023286895
163,long,2023-04-12 22:00:00,192601.39589272914,189563.41820660504,220738.17449712567,2023-04-13 00:00:00,189468.68386467273,stop_loss,0.006939000585647111,-23.05261390564595,-0.2305261390564595,-1.09355007019804
164,long,2023-04-12 23:00:00,191719.7347873515,189477.6110484764,218094.51301173551,2023-04-13 00:00:00,189382.91958868207,stop_loss,0.007399995081633263,-18.693853650341328,-0.18693853650341327,-1.1266987965282986
165,long,2023-04-13 14:00:00,192376.40172448952,186615.3712633713,226252.6138609684,2023-04-13 15:00:00,186522.11020826717,stop_loss,0.005740468166225995,-34.67709832062918,-0.3467709832062918,-1.048564777985582
167,long,2023-04-13 22:00:00,197761.64001311295,197761.64001311295,225332.81174399005,2023-04-14 01:00:00,197662.80860880855,stop_loss,0.003510476023651737,-1.0408358255832901,-0.010408358255832901,0.0
166,long,2023-04-13 20:00:00,194336.10939227205,201298.87347624678,219145.4447168601,2023-04-14 10:00:00,219035.92675348336,take_profit,0.0039005982243191777,95.48969259319212,0.9548969259319211,3.5159573323476505
168,long,2023-04-14 07:00:00,205190.9622331229,207275.28375169216,233306.52809855112,2023-04-14 17:00:00,207171.6979027408,stop_loss,0.003466602717827344,6.148241684588396,0.06148241684588396,0.8509070965848791
169,long,2023-04-17 05:00:00,235289.93461980362,225368.11153809674,276154.9909779469,2023-04-17 06:00:00,225255.48379619865,stop_loss,0.0048446283058042145,-49.70446358607375,-0.49704463586073744,-1.0340545505510224
170,short,2023-04-17 16:00:00,217512.29783148205,212715.9737083901,170100.4806593119,2023-04-18 06:00:00,212822.3316952443,stop_loss,0.002078328767550946,9.304976765443184,0.09304976765443185,0.933453138203748
171,long,2023-04-18 18:00:00,235173.84105826213,227665.78423680458,293307.96443793585,2023-04-18 20:00:00,227552.00823268824,stop_loss,0.0033980590978616976,-26.67267354713407,-0.26672673547134074,-1.0454615648850094
172,long,2023-04-18 23:00:00,233947.52636620277,233947.52636620277,253295.34975958476,2023-04-19 03:00:00,233830.61106067244,stop_loss,0.010141005357721805,-3.556916219348424,-0.035569162193484244,0.0
173,short,2023-04-19 20:00:00,206531.26286362967,213937.23025300878,169441.39611763312,2023-04-19 23:00:00,214044.19886813528,stop_loss,0.005304022061613685,-40.98407346834654,-0.4098407346834654,-1.0433451562931542
174,short,2023-04-19 22:00:00,209034.07071240313,213937.23025300878,176953.5738757267,2023-04-19 23:00:00,214044.19886813528,stop_loss,0.006128667295571777,-32.01721425606897,-0.32017214256068965,-1.065470603462148
175,short,2023-04-22 13:00:00,224716.34307164955,233627.66706915235,164486.4180172309,2023-04-22 22:00:00,233744.48090268692,stop_loss,0.0032442031093941766,-30.047427395238856,-0.30047427395238857,-1.0393385219228362
176,short,2023-04-23 06:00:00,227201.30196847624,230588.25152012502,212874.62708444186,2023-04-23 07:00:00,230703.54564588508,stop_loss,0.01351399855779392,-50.447043388682395,-0.504470433886824,-1.102156133750948
177,long,2023-04-24 01:00:00,279176.3274487459,272439.25044974725,316113.70061882073,2023-04-24 10:00:00,272303.09890029713,stop_loss,0.00523434853855392,-37.40220313549235,-0.3740220313549235,-1.060627872950113
178,long,2023-04-24 08:00:00,286522.71268590214,272439.25044974725,323382.5829569399,2023-04-24 10:00:00,272303.09890029713,stop_loss,0.005244001130741731,-75.99562852896098,-0.7599562852896098,-1.0290024314690063
180,long,2023-04-25 02:00:00,341079.21292113763,341079.21292113763,426971.46243818005,2023-04-25 08:00:00,340908.75854186673,stop_loss,0.0022334947724447275,-1.1421268951257493,-0.011421268951257493,0.0
179,long,2023-04-24 18:00:00,312187.54618955083,330970.4496429467,394942.35183517454,2023-04-25 11:00:00,330805.047119387,stop_loss,0.0011563115781055072,21.14511817447974,0.21145118174479743,0.9735819559574339
181,long,2023-04-25 03:00:00,346989.41175066,330970.4496429467,444693.1980589366,2023-04-25 11:00:00,330805.047119387,stop_loss,0.0019637397063210845,-32.43149445408908,-0.3243149445408908,-1.030976262216149
182,long,2023-04-25 15:00:00,356231.2814004482,341394.90731128206,418477.8082088369,2023-04-25 21:00:00,341224.29516370024,stop_loss,0.003074793488277301,-47.19257780023099,-0.47192577800230995,-1.0344987555361844
183,long,2023-04-26 05:00:00,349310.7656343309,344805.7847142614,384322.5629886341,2023-04-26 10:00:00,344633.4679802713,stop_loss,0.005427526205925975,-27.256662769226633,-0.27256662769226636,-1.1147508083036217
184,short,2023-04-26 23:00:00,311014.58514296944,291204.8466424712,264610.677595345,2023-04-27 17:00:00,291350.44906579243,stop_loss,0.0020445994007547473,39.60958588618638,0.39609585886186377,0.977942521938085
185,short,2023-04-28 00:00:00,274988.5785746018,274988.5785746018,224621.8218360346,2023-04-28 04:00:00,275126.0728638891,stop_loss,0.003800941216797031,-1.5683457413902016,-0.015683457413902015,0.0
186,short,2023-04-28 01:00:00,272009.98055947217,280229.48018663935,215681.559893623,2023-04-28 06:00:00,280369.59492673265,stop_loss,0.003399357046631638,-29.37039036464545,-0.2937039036464545,-1.0511569261017106
187,long,2023-04-29 09:00:00,318306.3274779471,309931.3394048247,388806.2646641794,2023-04-29 14:00:00,309776.4511792351,stop_loss,0.002707428233112715,-23.932725425967934,-0.23932725425967935,-1.0554824284777262
188,short,2023-04-30 01:00:00,294084.08716878045,301957.25313388393,260890.29802181217,2023-04-30 02:00:00,302108.2317604509,stop_loss,0.0057229322685114275,-47.65058095899694,-0.47650580958996946,-1.0575482417537776
189,short,2023-04-30 16:00:00,287420.0188430363,247271.39404608353,206776.4283882673,2023-05-01 15:00:00,247395.02974310657,stop_loss,0.0011748051498140565,46.73092236086834,0.46730922360868343,0.9907585694742325
190,short,2023-05-01 07:00:00,236059.4968784117,246654.27446019364,158807.98379113586,2023-05-01 15:00:00,246777.60159742372,stop_loss,0.0024572718627046282,-26.943696804301005,-0.26943696804301004,-1.0349327521008005
191,short,2023-05-02 00:00:00,240467.17872721519,240467.17872721519,192578.53936595796,2023-05-02 05:00:00,240587.4123165788,stop_loss,0.003968077159131199,-1.4317655753019756,-0.014317655753019756,0.0
192,short,2023-05-02 05:00:00,240642.5517918244,240642.5517918244,217010.43791658085,2023-05-02 09:00:00,240762.8730677203,stop_loss,0.004009169931059538,-1.4476477126071616,-0.014476477126071615,0.0
193,long,2023-05-03 01:00:00,277883.9711108169,277883.9711108169,325093.626937842,2023-05-03 10:00:00,277745.0985615362,stop_loss,0.002013801782088307,-0.8389853616742489,-0.008389853616742488,0.0
194,long,2023-05-03 14:00:00,284625.10955406254,278320.7334441695,331481.79788083775,2023-05-03 17:00:00,278181.6426228581,stop_loss,0.004070387207934768,-27.359712371139565,-0.27359712371139566,-1.066187749058858
195,short,2023-05-03 22:00:00,259912.32996821176,270984.68660111947,189678.64027924323,2023-05-04 01:00:00,271120.17894442,stop_loss,0.002710665919949918,-31.115650485028635,-0.31115650485028634,-1.036723214011775
196,short,2023-05-03 23:00:00,264011.46461588016,270984.68660111947,211699.7285774902,2023-05-04 01:00:00,271120.17894442,stop_loss,0.0036366249144140082,-26.837690034169526,-0.26837690034169526,-1.058310566206794
197,long,2023-05-04 07:00:00,283727.4274580354,276660.75638869754,347945.97755721526,2023-05-04 08:00:00,276522.495141127,stop_loss,0.002944943792678156,-22.032463908947488,-0.22032463908947486,-1.0586957760792677
198,short,2023-05-04 18:00:00,253005.9755059744,264776.2592092032,194553.53656421453,2023-05-05 00:00:00,264908.64733880776,stop_loss,0.003227769415302629,-39.274144132132975,-0.39274144132132977,-1.0337542226645222
199,long,2023-05-05 18:00:00,280282.94539939985,276025.68241027533,326052.36644621566,2023-05-05 21:00:00,275887.73854100483,stop_loss,0.004101023286069229,-19.156267713466782,-0.19156267713466782,-1.0972060238863957
200,short,2023-05-06 09:00:00,262773.60801253107,268330.84601629595,231685.92969519802,2023-05-06 11:00:00,268465.0114393041,stop_loss,0.0060177641603588045,-35.865082687927796,-0.35865082687927796,-1.0724515369279992
201,short,2023-05-07 00:00:00,235103.13299763427,220451.56767610836,170096.70391736645,2023-05-08 01:00:00,220561.7934599464,stop_loss,0.0014366332006068158,20.573704765869003,0.20573704765869003,0.9774230554866378
202,long,2023-05-10 05:00:00,226606.20502395433,226606.20502395433,267227.56743606564,2023-05-10 10:00:00,226492.958544682,stop_loss,0.002306940645480872,-0.7837587179728598,-0.007837587179728598,0.0
203,long,2023-05-10 10:00:00,231571.57998639846,231571.57998639846,267471.70340616506,2023-05-10 13:00:00,231455.85206036828,stop_loss,0.005233232680245655,-1.8168934935545757,-0.018168934935545757,0.0
204,long,2023-05-10 11:00:00,234261.2235714115,227765.59399922038,262484.2789842575,2023-05-10 13:00:00,227651.76811516282,stop_loss,0.006649759938857693,-45.46512171824926,-0.4546512171824926,-1.0525703703355629
205,short,2023-05-11 13:00:00,218182.7874806328,219715.98379140618,190338.296539234,2023-05-11 15:00:00,219825.84178330188,stop_loss,0.006706700152918437,-12.493778549667457,-0.12493778549667457,-1.2150304115411674
206,short,2023-05-12 03:00:00,210428.6875797654,204411.90249477196,175962.84526644173,2023-05-12 12:00:00,176050.82668907495,take_profit,0.0027074179015424593,92.59859283243235,0.9259859283243235,5.6843994892396426
207,short,2023-05-12 21:00:00,171964.8533398375,168771.32755748287,129465.34251981552,2023-05-13 12:00:00,168855.7132212616,stop_loss,0.0022280770328277047,6.5511801535521075,0.06551180153552107,0.9207016337869458
208,short,2023-05-14 08:00:00,161909.35940250652,165285.8560067805,126664.62200153197,2023-05-14 11:00:00,165368.4989347839,stop_loss,0.005381680370319812,-19.505943723640904,-0.19505943723640903,-1.073452295679564
209,short,2023-05-14 09:00:00,163309.2375044983,165285.8560067805,130866.35612466032,2023-05-14 11:00:00,165368.4989347839,stop_loss,0.005844637473216293,-13.002155448359849,-0.13002155448359848,-1.12547258191291
210,short,2023-05-14 15:00:00,163176.6075884114,164852.046202967,141665.88184010677,2023-05-14 16:00:00,164934.47222606846,stop_loss,0.00877272955954422,-16.868196588337113,-0.16868196588337114,-1.147639246928269
211,long,2023-05-15 09:00:00,184272.11786082367,184272.11786082367,213500.73145991267,2023-05-15 15:00:00,184180.02784690022,stop_loss,0.003223947287116432,-0.8906800516770434,-0.008906800516770433,0.0
212,long,2023-05-15 14:00:00,187057.73716403,181325.30303251816,218048.60032516764,2023-05-15 15:00:00,181234.68568967332,stop_loss,0.006089718592277831,-36.56441306219071,-0.3656441306219071,-1.0474234892713568
213,long,2023-05-16 02:00:00,186576.62147530788,182970.03937522223,216351.8280177617,2023-05-16 03:00:00,182878.60007518466,stop_loss,0.006311726868294129,-24.495180804414982,-0.2449518080441498,-1.0760603509084796
214,long,2023-05-16 03:00:00,190588.48298081366,186685.45865986068,228381.3977494132,2023-05-16 09:00:00,186592.1625785714,stop_loss,0.004962156974613883,-20.756268757725653,-0.20756268757725652,-1.0717106071733378
215,long,2023-05-16 12:00:00,191595.26902314738,191595.26902314738,225515.86699156082,2023-05-16 16:00:00,191499.51926351563,stop_loss,0.0027570875292934403,-0.7919714046406848,-0.007919714046406848,0.0
217,long,2023-05-16 23:00:00,202366.02023880908,207476.5830456983,231676.35972438852,2023-05-17 12:00:00,231560.5794346712,take_profit,0.0031987118309724323,92.64428633480468,0.9264428633480468,5.667281610820701
216,long,2023-05-16 16:00:00,194346.05492090917,212961.07266130895,233764.10056805797,2023-05-17 18:00:00,212854.64533863965,stop_loss,0.0023766454850415323,43.48247781896791,0.4348247781896791,0.9828481512905027
218,long,2023-05-17 11:00:00,215919.2448380044,215919.2448380044,240672.11386480802,2023-05-17 18:00:00,215811.3391684202,stop_loss,0.0037973102940175693,-1.2292539296849039,-0.01229253929684904,0.0
219,short,2023-05-18 11:00:00,204827.39258540756,208182.90726124644,159824.94372261426,2023-05-18 12:00:00,208286.99871487706,stop_loss,0.004259169902620392,-15.622180017591038,-0.1562218001759104,-1.0930940503985147
220,long,2023-05-18 22:00:00,214604.02331573202,220132.7205311173,253513.83688835238,2023-05-19 10:00:00,220022.70917652902,stop_loss,0.0024576263839782395,12.776371722837952,0.1277637172283795,0.9403052742974652
221,long,2023-05-19 12:00:00,228588.2602743839,223415.82385094982,260515.29936842152,2023-05-19 16:00:00,223304.1717650673,stop_loss,0.006009404046041535,-33.09614786083179,-0.3309614786083179,-1.0647579264831653
222,long,2023-05-19 18:00:00,231208.390339935,224389.28518812053,268371.76133409195,2023-05-19 19:00:00,224277.14661481313,stop_loss,0.005146560367983658,-36.82632013075987,-0.3682632013075987,-1.0493342912937331
223,long,2023-05-19 21:00:00,234154.9404193825,227986.9647568794,265256.6000474311,2023-05-19 23:00:00,227873.02824275804,stop_loss,0.006121218512833018,-39.84781771059972,-0.39847817710599714,-1.0554168111333642
224,long,2023-05-19 22:00:00,240826.05940217187,227986.9647568794,285259.95531816373,2023-05-19 23:00:00,227873.02824275804,stop_loss,0.004288426693257238,-56.52534135961263,-0.5652534135961262,-1.0266225580391253
225,long,2023-05-19 23:00:00,234471.10782310448,227994.07823289762,266204.6282444984,2023-05-20 00:00:00,227880.13816381572,stop_loss,0.005937565909686846,-40.48737010062949,-0.4048737010062949,-1.0527742235055624
226,long,2023-05-20 03:00:00,238273.55595955782,245357.83096090853,277606.27183206467,2023-05-20 21:00:00,245235.2133542314,stop_loss,0.0023861570516254004,16.02643814964844,0.1602643814964844,0.9480747401870749
227,long,2023-05-23 20:00:00,249675.79037219143,271628.24104208976,298075.2005462375,2023-05-24 15:00:00,271492.49479469244,stop_loss,0.0019454874463537297,41.91593933438327,0.4191593933438327,0.98144905330545
228,long,2023-05-24 12:00:00,286267.4274579101,271628.24104208976,332949.0140659499,2023-05-24 15:00:00,271492.49479469244,stop_loss,0.004043996804298732,-60.84769525512197,-0.6084769525512197,-1.0278183999181763
229,short,2023-05-24 23:00:00,253129.26778816286,264089.8474960439,188415.24874034303,2023-05-25 00:00:00,264221.8924197919,stop_loss,0.0029141646690439694,-33.095720892137905,-0.3309572089213791,-1.0361538191162343
230,short,2023-05-25 03:00:00,251010.04813745405,261515.4769154953,207798.37189114053,2023-05-25 04:00:00,261646.23465395303,stop_loss,0.004344493841219036,-47.34556727001898,-0.4734556727001898,-1.0373524947341415
231,long,2023-05-25 09:00:00,270244.92205455975,266460.7159286605,309683.53846031777,2023-05-25 12:00:00,266327.5521525842,stop_loss,0.004733133211174902,-19.8019973656418,-0.19801997365641802,-1.105568067631076
232,short,2023-05-25 21:00:00,243292.84950107717,259126.93565267243,189790.95523061947,2023-05-25 22:00:00,259256.49912049875,stop_loss,0.0034851296722601174,-56.538931484021184,-0.5653893148402118,-1.0245558829997676
233,short,2023-05-27 20:00:00,227714.82979785572,227714.82979785572,179869.55245942003,2023-05-27 23:00:00,227828.68721275465,stop_loss,0.0038727754684899107,-1.3232735541820642,-0.013232735541820641,0.0
234,short,2023-05-28 02:00:00,224731.1194664648,230756.8955034001,194456.757468548,2023-05-28 03:00:00,230872.2739511518,stop_loss,0.006110916970730945,-38.93892645731355,-0.3893892645731355,-1.0574615982373854
235,long,2023-05-28 12:00:00,244881.55133992768,255173.31551118268,294249.8092426001,2023-05-29 02:00:00,255045.79261487524,stop_loss,0.0018678574495714273,18.508964600934643,0.18508964600934644,0.9628276860452334
236,long,2023-05-28 15:00:00,251171.3756756398,255173.31551118268,313109.8522282436,2023-05-29 02:00:00,255045.79261487524,stop_loss,0.0014927288182752306,5.402739614594379,0.0540273961459438,0.9044041878079829
237,long,2023-05-28 20:00:00,265408.08308720816,255173.31551118268,317402.553445141,2023-05-29 02:00:00,255045.79261487524,stop_loss,0.0035611171224269253,-37.8095779676699,-0.378095779676699,-1.0373793235733522
238,long,2023-05-29 04:00:00,262931.8330725528,257519.80859692613,298936.3527573337,2023-05-29 07:00:00,257391.11304040594,stop_loss,0.005128782758369216,-29.73725247254489,-0.2973725247254489,-1.0713386776610785
239,short,2023-05-29 12:00:00,253329.57688091812,254744.36587732396,222186.71154248563,2023-05-29 14:00:00,254871.7380602626,stop_loss,0.005907038683097778,-10.615142957909928,-0.10615142957909927,-1.2701773352563328
240,long,2023-05-30 06:00:00,281062.3579100401,265276.78911239747,357171.4914371383,2023-05-30 07:00:00,265144.21700389555,stop_loss,0.002419260186972216,-39.15157739285284,-0.3915157739285285,-1.0251949315608573
241,long,2023-05-30 07:00:00,274298.97429830953,266299.21284797636,332596.8648447714,2023-05-30 09:00:00,266166.12978308485,stop_loss,0.003143141502861714,-26.399278941301258,-0.2639927894130126,-1.0499076375156127
242,long,2023-05-30 15:00:00,272765.98639917566,268144.3012026925,321261.46062267147,2023-05-30 16:00:00,268010.2960546652,stop_loss,0.0037655012989385008,-18.916751287526246,-0.18916751287526246,-1.0869846012852415
243,long,2023-05-30 16:00:00,285655.6344389314,269008.305907757,359911.07993228396,2023-05-30 17:00:00,268873.8689732704,stop_loss,0.002456018900096608,-41.876692464592445,-0.4187669246459244,-1.0242267582275817
244,long,2023-05-31 00:00:00,287286.8982686767,281087.19704994943,334474.2578368908,2023-05-31 02:00:00,280946.7236881054,stop_loss,0.0038425215150890567,-25.44180106563128,-0.2544180106563128,-1.0679742572527777
245,long,2023-05-31 02:00:00,295094.43237723,286891.96527045337,356274.9852881964,2023-05-31 08:00:00,286748.5909749659,stop_loss,0.0029568560458892194,-25.525325913191818,-0.25525325913191815,-1.0524382336269396
246,long,2023-05-31 05:00:00,295135.2375443007,286891.96527045337,340204.4845364228,2023-05-31 08:00:00,286748.5909749659,stop_loss,0.00401003381078005,-34.78060784709816,-0.3478060784709816,-1.0521786582043462
247,long,2023-05-31 07:00:00,296983.42254732596,286891.96527045337,345746.2686534401,2023-05-31 08:00:00,286748.5909749659,stop_loss,0.003706650143874487,-38.99981662621275,-0.3899981662621275,-1.042622475095662
248,long,2023-05-31 14:00:00,293002.21438397624,288903.3078357129,317045.345969374,2023-05-31 17:00:00,288758.9283715272,stop_loss,0.007411660179554573,-33.58997701983178,-0.3358997701983178,-1.1056716925495125
249,long,2023-05-31 18:00:00,297010.9469757926,291168.5745731116,327039.1616798253,2023-05-31 20:00:00,291023.06304159085,stop_loss,0.005917428077084543,-37.15498055889023,-0.37154980558890227,-1.074718721176011
250,long,2023-05-31 21:00:00,296347.9733056858,290989.6886834909,324680.8983946922,2023-05-31 22:00:00,290844.26655021583,stop_loss,0.006242342928191398,-36.17157459435189,-0.3617157459435189,-1.0814190418363006
251,short,2023-06-01 21:00:00,266739.88044669473,277168.1996275061,222457.26980838017,2023-06-02 03:00:00,277306.7837273198,stop_loss,0.003985645985663489,-43.22118231067767,-0.4322118231067767,-1.0398809123819583
252,short,2023-06-02 00:00:00,273597.8824583803,277168.1996275061,243041.56284645438,2023-06-02 03:00:00,277306.7837273198,stop_loss,0.005766930109943426,-22.988183243423162,-0.22988183243423163,-1.116485696883582
253,short,2023-06-02 09:00:00,266182.04047339753,275206.8408971616,223122.7107503201,2023-06-02 11:00:00,275344.4443176101,stop_loss,0.004066607319841321,-38.37961627295681,-0.3837961627295681,-1.045757007953194
254,long,2023-06-03 06:00:00,301808.3416080052,290331.30014801223,358725.9432139129,2023-06-03 08:00:00,290186.20704449003,stop_loss,0.003063967122998513,-36.49895919960719,-0.36498959199607195,-1.0379260902806704
255,long,2023-06-03 14:00:00,314684.16437974316,338459.62695583154,377884.95018022094,2023-06-04 05:00:00,377696.1021291564,take_profit,0.001373983461465346,86.05841214479233,0.8605841214479233,2.63440685735709
256,long,2023-06-03 15:00:00,316386.63345698314,354193.1484862234,382989.8049845388,2023-06-04 15:00:00,354016.1404160154,stop_loss,0.0013038132217439665,48.6002777763077,0.486002777763077,0.9859541613340101
257,short,2023-06-06 00:00:00,334954.6294159469,334954.6294159469,272825.83546482236,2023-06-06 04:00:00,335122.10673065484,stop_loss,0.0014277097722425638,-0.7175661055113399,-0.007175661055113399,0.0
258,short,2023-06-06 04:00:00,330091.67249969067,330091.67249969067,282969.41403473064,2023-06-06 08:00:00,330256.7183359405,stop_loss,0.001884658066965113,-0.9334759550885044,-0.009334759550885044,0.0
259,long,2023-06-07 03:00:00,333321.6814069799,328295.56340899965,373563.1164980702,2023-06-07 04:00:00,328131.49766016955,stop_loss,0.004419907601923266,-24.390443498844352,-0.24390443498844352,-1.097927913090789
260,short,2023-06-07 07:00:00,314720.0860906368,290778.5931506838,265286.89177133533,2023-06-07 19:00:00,265419.535217221,take_profit,0.0017955170708504014,88.04341538912699,0.8804341538912699,2.0481233756467163
261,short,2023-06-08 07:00:00,262599.22617882426,242434.85671747188,219367.55195156444,2023-06-08 23:00:00,219477.23572754022,take_profit,0.00208100553113746,89.28036730127106,0.8928036730127105,2.127639711114434
262,short,2023-06-09 10:00:00,206961.7532064907,218046.48591469208,182744.2644231622,2023-06-09 16:00:00,218155.50915764942,stop_loss,0.007528888896483521,-85.91901348122883,-0.8591901348122883,-1.0295161607165244
263,short,2023-06-10 03:00:00,200331.88810189962,209850.4695937224,166037.59570672983,2023-06-10 04:00:00,209955.39482851926,stop_loss,0.005272850452737255,-51.850375199052586,-0.5185037519905259,-1.0330806255003318
264,short,2023-06-10 10:00:00,204346.8891982562,209555.20598675657,178939.31770639177,2023-06-10 12:00:00,209659.98358974993,stop_loss,0.0070677533429339525,-39.03346569669943,-0.3903346569669943,-1.0603722084027927
265,short,2023-06-11 14:00:00,186508.58782845005,178361.32526698188,146541.8257031556,2023-06-12 07:00:00,178450.50592961535,stop_loss,0.002240206410329087,17.65200075741629,0.1765200075741629,0.9671507863476959
267,long,2023-06-12 17:00:00,187483.15691453664,187483.15691453664,222859.16230524244,2023-06-12 19:00:00,187389.46218344494,stop_loss,0.0050801421709283845,-1.4279476638384594,-0.014279476638384594,0.0
266,long,2023-06-12 16:00:00,188675.6823453713,183871.2260808814,230563.1864856482,2023-06-12 21:00:00,183779.33641267507,stop_loss,0.004292511797792702,-21.806497651914754,-0.21806497651914755,-1.0573777737673464
268,long,2023-06-13 20:00:00,193797.30560964093,193797.30560964093,236323.0992134253,2023-06-14 03:00:00,193700.45538194996,stop_loss,0.0021081096574611497,-0.612512700967959,-0.00612512700967959,0.0
269,long,2023-06-14 05:00:00,200332.71992752852,193007.47677518803,241762.97505157613,2023-06-14 06:00:00,192911.02126455575,stop_loss,0.00433612733712992,-33.01791721339572,-0.3301791721339572,-1.0395026521139275
270,long,2023-06-14 06:00:00,197974.86896151895,192593.21005484945,214375.08250082954,2023-06-14 07:00:00,192496.9615740624,stop_loss,0.010873401073818581,-61.65658073773486,-0.6165658073773487,-1.0536536126440965
271,long,2023-06-14 12:00:00,193383.55097574572,191955.9529893549,212697.17147232904,2023-06-14 13:00:00,191860.02297786597,stop_loss,0.009176750762262358,-15.741688327980828,-0.15741688327980827,-1.2015903897387648
272,long,2023-06-15 08:00:00,206180.97136761204,214254.22983974768,239881.52992332727,2023-06-15 22:00:00,239761.64909877788,take_profit,0.0026294853279211663,87.66944965724619,0.8766944965724619,4.129796685829049
274,long,2023-06-15 21:00:00,229295.4673620179,229295.4673620179,284428.0543861507,2023-06-16 01:00:00,229180.87692355612,stop_loss,0.0032290302119043976,-1.11004796336535,-0.0111004796336535,0.0
273,long,2023-06-15 09:00:00,211593.5408290585,223621.3584001953,250384.0582471065,2023-06-16 04:00:00,250258.92878271514,take_profit,0.0022849290914837297,87.77584586203542,0.8777584586203542,3.193856973442865
275,long,2023-06-16 05:00:00,235726.90111065898,225052.76617888975,280113.5376766303,2023-06-16 06:00:00,224940.29603087433,stop_loss,0.004086640373426157,-45.000225906621786,-0.4500022590662178,-1.0316100973243334
277,short,2023-06-16 21:00:00,205079.24883654137,205079.24883654137,188441.78733912605,2023-06-17 01:00:00,188536.0082327956,take_profit,0.005406291723152287,88.41830408932246,0.8841830408932246,0.0
276,short,2023-06-16 14:00:00,208314.7892708169,190333.49222732105,117579.15539020291,2023-06-17 13:00:00,190428.6589734347,stop_loss,0.000995998194360334,17.62488687979432,0.17624886879794321,0.984117085414014
279,short,2023-06-17 15:00:00,179578.8361729046,179578.8361729046,154468.54027566352,2023-06-17 20:00:00,179668.62559099103,stop_loss,0.003660445156298422,-0.9863363908046963,-0.009863363908046964,0.0
278,short,2023-06-17 13:00:00,183420.14058201335,182975.74886421874,161402.82601343817,2023-06-17 21:00:00,183067.23673865083,stop_loss,0.004166160153944003,0.7075665031974452,0.007075665031974452,0.3821777045412176
280,long,2023-06-19 00:00:00,181341.46020101043,181341.46020101043,210610.00545684015,2023-06-19 09:00:00,181250.83478361863,stop_loss,0.003149904726390088,-0.8563842917205704,-0.008563842917205704,0.0
281,long,2023-06-19 03:00:00,185703.99738062316,181065.2393756043,211050.1344331927,2023-06-19 09:00:00,180974.7519996045,stop_loss,0.007279865985337829,-35.74574452688073,-0.3574574452688073,-1.0585204332077032
282,long,2023-06-19 07:00:00,187258.4149789542,181065.2393756043,215711.05676701895,2023-06-19 09:00:00,180974.7519996045,stop_loss,0.006486497124233363,-41.93285405360793,-0.4193285405360793,-1.0438324609837595
283,long,2023-06-20 17:00:00,175661.53054448773,174094.69578526492,191668.71664147696,2023-06-20 20:00:00,174007.69193929527,stop_loss,0.011405226892803886,-20.847001743959105,-0.20847001743959107,-1.1665852358537254
284,long,2023-06-21 10:00:00,187587.2694332613,180136.86109491988,224720.04544121967,2023-06-21 13:00:00,180046.83767608184,stop_loss,0.004918775154805961,-37.97529829558671,-0.37975298295586707,-1.0362490543134775
285,long,2023-06-23 02:00:00,190122.35625006162,187642.72589412445,239093.9006597666,2023-06-23 04:00:00,187548.95141841526,stop_loss,0.003715960249720779,-10.259594509184911,-0.1025959450918491,-1.1134537760654553
286,long,2023-06-23 04:00:00,191340.76671663628,187814.53565275596,209605.242278163,2023-06-23 06:00:00,187720.67531509843,stop_loss,0.009918771556591701,-37.76881812073541,-0.3776881812073541,-1.0798532506439826
287,long,2023-06-23 05:00:00,189541.45172393517,187738.790202976,204209.99492373684,2023-06-23 06:00:00,187644.96771911645,stop_loss,0.01233274391768253,-25.70302890973192,-0.2570302890973192,-1.1561399343726495
288,short,2023-06-23 17:00:00,181831.71027065517,181353.5906252984,166143.75618401598,2023-06-23 21:00:00,166226.82806210796,take_profit,0.005727684110085436,88.4277411038895,0.8842774110388951,32.29035980934311
289,short,2023-06-24 20:00:00,168419.81527588645,168419.81527588645,114871.21383310444,2023-06-24 22:00:00,168504.02518352438,stop_loss,0.0034136731821263803,-0.8626827752223143,-0.008626827752223143,0.0
290,short,2023-06-24 22:00:00,153729.43711009895,133748.16588968446,88354.08710343248,2023-06-26 02:00:00,133815.03997262928,stop_loss,0.0013983948502988852,27.661064141054183,0.2766106414105418,0.989956138390614
291,short,2023-06-25 23:00:00,129189.4548444692,133748.16588968446,104357.39371273376,2023-06-26 02:00:00,133815.03997262928,stop_loss,0.007359532398314991,-35.02695973391847,-0.35026959733918467,-1.044023216415107
292,short,2023-06-26 10:00:00,128906.69275337145,131587.90760209554,115009.74717733382,2023-06-26 14:00:00,131653.70155589658,stop_loss,0.013111943893606913,-37.74486124214042,-0.37744861242140426,-1.073641116619541
293,short,2023-06-26 11:00:00,125914.06335152165,131587.90760209554,106027.37002768164,2023-06-26 14:00:00,131653.70155589658,stop_loss,0.00917445690175746,-53.86591454859981,-0.5386591454859981,-1.0347996255514003
294,short,2023-06-26 13:00:00,128709.16697996904,131682.82805977965,114416.87356846646,2023-06-26 14:00:00,131748.66947380954,stop_loss,0.01274699061960444,-40.42390883117713,-0.40423908831177136,-1.0664467396251756
295,long,2023-06-27 05:00:00,134892.11570163965,134892.11570163965,154885.26915847696,2023-06-27 08:00:00,134824.70334996466,stop_loss,0.004494519378105665,-0.9089583627806459,-0.00908958362780646,0.0
296,long,2023-06-27 08:00:00,136106.8041013319,138036.00838952672,156338.73027172862,2023-06-27 19:00:00,137967.02487708817,stop_loss,0.004447767430156782,7.6601841396258505,0.0766018413962585,0.8927275153896347
297,long,2023-06-27 09:00:00,140054.24589349233,140054.24589349233,161089.22627316555,2023-06-27 19:00:00,139984.25376660904,stop_loss,0.008570858955028312,-1.7996779424376947,-0.017996779424376948,0.0
298,short,2023-06-29 00:00:00,122700.47148618878,108315.47938760126,97025.5471054074,2023-06-30 02:00:00,108369.63712729505,stop_loss,0.0035160708790439297,50.00719403643258,0.5000719403643259,0.9887016012447413
299,short,2023-06-30 06:00:00,105105.3334834104,107327.425079213,95565.67459329125,2023-06-30 07:00:00,107381.0887917526,stop_loss,0.019005167593484903,-45.291906625664474,-0.45291906625664474,-1.0724744207824513
300,long,2023-06-30 13:00:00,111081.3483242901,109210.22406275004,133937.86911724717,2023-06-30 15:00:00,109155.64623963024,stop_loss,0.007915225244532099,-16.106357280646957,-0.16106357280646957,-1.0875053959402317
301,long,2023-06-30 15:00:00,110720.84513069128,109005.45261125814,128395.77778234804,2023-06-30 16:00:00,108950.9771226968,stop_loss,0.010209295361309075,-19.181417949496165,-0.19181417949496166,-1.0952705948245818
302,long,2023-07-02 01:00:00,104019.72312821832,102632.3219733827,113896.32106636612,2023-07-02 02:00:00,102581.03145765388,stop_loss,0.01819056048613297,-28.03661431175849,-0.2803661431175849,-1.1109063133255812
303,short,2023-07-02 15:00:00,98885.28655166394,97453.73065799274,85425.49731856183,2023-07-02 23:00:00,97502.45752332173,stop_loss,0.006662358622011997,8.563306561196335,0.08563306561196335,0.8978528721799938
304,short,2023-07-02 19:00:00,92920.54400906341,97453.73065799274,68260.34856132598,2023-07-02 23:00:00,97502.45752332173,stop_loss,0.0072945030270487755,-34.13401397098161,-0.34134013970981614,-1.0322575120278474
305,short,2023-07-03 04:00:00,93824.44696390154,96227.2175056937,82518.47936325887,2023-07-03 07:00:00,96275.33111444654,stop_loss,0.015828297088233703,-40.317197006817025,-0.40317197006817024,-1.060092687735215
306,long,2023-07-03 15:00:00,98464.87156121874,98464.87156121874,115379.16736898976,2023-07-03 20:00:00,98415.66372935407,stop_loss,0.005271877815077978,-0.7782530314063826,-0.007782530314063826,0.0
307,short,2023-07-04 08:00:00,89636.55800890047,83553.96747708185,76847.99734503689,2023-07-05 00:00:00,76886.4213437094,take_profit,0.006978200141927982,88.43647665030444,0.8843647665030443,2.0835284205886246
308,short,2023-07-05 00:00:00,78823.97673701859,82263.05175268353,64772.9835794558,2023-07-05 04:00:00,82304.18327855987,stop_loss,0.012860398191397834,-45.81530648230845,-0.45815306482308454,-1.0358921246534742
309,short,2023-07-05 02:00:00,80071.34137120903,82263.05175268353,74778.61949354087,2023-07-05 04:00:00,82304.18327855987,stop_loss,0.03397640048493573,-78.66033075635784,-0.7866033075635783,-1.0563193523187366
310,short,2023-07-05 05:00:00,76927.27147031498,80135.41297461337,65341.69368600742,2023-07-05 09:00:00,80175.48068110067,stop_loss,0.01536805387952044,-51.15079527023263,-0.5115079527023263,-1.0374806370003617
311,long,2023-07-06 14:00:00,91770.40683015878,89073.87873419558,107350.3158326039,2023-07-06 18:00:00,89029.36405216949,stop_loss,0.011365208029960834,-32.164358634098086,-0.32164358634098084,-1.0495244408089703
312,long,2023-07-06 17:00:00,92064.85901528581,89073.87873419558,102910.20068597767,2023-07-06 18:00:00,89029.36405216949,stop_loss,0.016303692544125125,-50.94128397679444,-0.5094128397679444,-1.0446489222689146
313,long,2023-07-07 09:00:00,92213.09627644105,89528.19979360366,107161.5530145861,2023-07-07 10:00:00,89483.45806457139,stop_loss,0.011729184071127576,-33.0659969855632,-0.330659969855632,-1.0499926861072126
314,short,2023-07-07 12:00:00,84516.73033842405,84315.41155480247,62537.71108253155,2023-07-07 22:00:00,84357.56926057987,stop_loss,0.003977730267836551,0.2975481802333683,0.0029754818023336833,0.37156745753149056
315,long,2023-07-08 21:00:00,86265.5968376471,86265.5968376471,101109.38557343921,2023-07-09 04:00:00,86222.48559484968,stop_loss,0.011789015280549469,-1.5247173003068417,-0.015247173003068418,0.0
316,long,2023-07-08 23:00:00,86464.01362292535,85330.75015268457,90926.59546854044,2023-07-09 04:00:00,85288.10609963477,stop_loss,0.03894576165321553,-49.1182243803088,-0.49118224380308806,-1.1128882757707357
317,long,2023-07-09 01:00:00,86331.53657337975,85330.75015268457,90500.81874352886,2023-07-09 04:00:00,85288.10609963477,stop_loss,0.041642040199807315,-47.0021444761591,-0.47002144476159097,-1.1278316297103397
318,long,2023-07-09 17:00:00,90267.20464562779,87818.12014484192,102053.63686383124,2023-07-09 20:00:00,87774.23302832776,stop_loss,0.014654485255939771,-37.819502012964726,-0.3781950201296473,-1.0537594147936669
319,long,2023-07-09 19:00:00,89601.95373083647,87814.75331635427,99479.8632302735,2023-07-09 20:00:00,87770.86788241306,stop_loss,0.017470937865899525,-33.52422646414294,-0.3352422646414294,-1.073666221626165
320,long,2023-07-10 04:00:00,90106.93242967098,88557.52074683904,101840.87387443364,2023-07-10 07:00:00,88513.26411478166,stop_loss,0.014593596259488325,-24.549078799134435,-0.24549078799134433,-1.0856905221790338
321,long,2023-07-10 06:00:00,90634.38508983505,88542.3348233661,103422.44107132738,2023-07-10 07:00:00,88498.08578047586,stop_loss,0.013392544281398756,-29.795697631548634,-0.29795697631548634,-1.0634531257677522
322,long,2023-07-11 17:00:00,95589.93610857514,95589.93610857514,109929.97421031944,2023-07-11 20:00:00,95542.16502606212,stop_loss,0.0059341147303461125,-0.8504372532754048,-0.008504372532754049,0.0
323,long,2023-07-11 18:00:00,98777.40374636039,96084.24782719769,119487.59831162449,2023-07-12 03:00:00,96036.22971234152,stop_loss,0.008224408293174905,-23.334375622511935,-0.23334375622511933,-1.0534890473824834
324,long,2023-07-11 20:00:00,99231.93706456303,96084.24782719769,120850.51680698474,2023-07-12 03:00:00,96036.22971234152,stop_loss,0.00790912056182472,-26.03479684812756,-0.2603479684812756,-1.0457651101190297
325,long,2023-07-12 01:00:00,98762.44304419874,96084.24782719769,112223.29022873976,2023-07-12 03:00:00,96036.22971234152,stop_loss,0.012683779714645883,-35.796791738704194,-0.3579679173870419,-1.0537878432662637
326,long,2023-07-12 02:00:00,98906.42208257111,95976.45312653815,112655.01148322964,2023-07-12 03:00:00,95928.48888209711,stop_loss,0.01241738817328725,-38.169333787731155,-0.3816933378773116,-1.0491106682297286
327,long,2023-07-12 20:00:00,97731.8967582256,96056.09894391632,117526.93227723037,2023-07-12 22:00:00,96008.0948964681,stop_loss,0.008508372238499698,-15.48362051453996,-0.15483620514539959,-1.0859364662699775
328,short,2023-07-13 03:00:00,90139.90972981983,88721.07878231323,67274.98106119967,2023-07-13 13:00:00,88765.43932170438,stop_loss,0.0036776985353262318,4.728435280594412,0.04728435280594412,0.9061720644402272
329,long,2023-07-14 11:00:00,89401.03561256954,87298.2514139088,104605.60071150906,2023-07-14 12:00:00,87254.62410185787,stop_loss,0.011100871067422411,-24.795639770232704,-0.24795639770232702,-1.062242210225921
330,short,2023-07-14 19:00:00,84999.51524298824,86858.16708889732,73767.21047560181,2023-07-14 20:00:00,86901.59617244176,stop_loss,0.014968161108348843,-29.771410885259883,-0.2977141088525988,-1.070121082656627
331,long,2023-07-15 01:00:00,88793.90396409511,88793.90396409511,102652.05136092554,2023-07-15 03:00:00,88749.52919949536,stop_loss,0.006047139251019122,-0.8050211422976185,-0.008050211422976185,0.0
332,long,2023-07-15 02:00:00,91454.23583970389,88361.91924687351,110629.05848419026,2023-07-15 04:00:00,88317.76036669017,stop_loss,0.00876277899352971,-28.25815040394262,-0.28258150403942617,-1.0428405813483597
333,short,2023-07-15 12:00:00,85046.18535672735,86275.52537842144,66742.10801832189,2023-07-15 16:00:00,86318.66314111065,stop_loss,0.0091475662864998,-12.429680573589993,-0.12429680573589992,-1.1053056302941469
334,long,2023-07-16 06:00:00,88878.16443967434,93008.88567734355,101153.56904276318,2023-07-16 16:00:00,101103.01753399619,take_profit,0.006800506917253361,82.44764626024677,0.8244764626024677,2.9350201524682755
335,short,2023-07-18 08:00:00,94232.29528273866,96558.24151038422,82005.3485233574,2023-07-18 09:00:00,96606.52063113941,stop_loss,0.013803029569107794,-34.10496534854108,-0.3410496534854108,-1.0622910537072014
336,short,2023-07-18 09:00:00,95510.841331015,96587.09012543022,88832.1604492304,2023-07-18 10:00:00,96635.38367049293,stop_loss,0.02508159094896591,-30.62908012799805,-0.3062908012799805,-1.1346611763797174
337,short,2023-07-18 14:00:00,93906.90940471657,95981.50719689367,85739.69176815903,2023-07-18 16:00:00,96029.4979504921,stop_loss,0.02045829191404933,-45.38913558432414,-0.45389135584324136,-1.0694208063326793
338,short,2023-07-19 03:00:00,87930.70614164353,91718.0424898944,64035.47509648498,2023-07-19 08:00:00,91763.90151113935,stop_loss,0.006980176302237277,-27.396907690729286,-0.27396907690729283,-1.0363376553074426
339,short,2023-07-20 02:00:00,75888.27431413093,75888.27431413093,58452.05716311188,2023-07-20 08:00:00,75926.21845128799,stop_loss,0.0047652781335088285,-0.5426239156353228,-0.0054262391563532275,0.0
340,short,2023-07-20 08:00:00,74094.64715749603,74094.64715749603,60483.087613520765,2023-07-20 18:00:00,74131.69448107478,stop_loss,0.006113220752384284,-0.6796618804330301,-0.006796618804330301,0.0
341,short,2023-07-21 01:00:00,71465.85894072229,73068.10912588325,65510.15238829865,2023-07-21 03:00:00,73104.64318044619,stop_loss,0.02788590477147983,-47.73757036802559,-0.47737570368025584,-1.0684279513641477
342,short,2023-07-21 14:00:00,71488.25849284309,71479.45486152294,60136.185153334154,2023-07-21 20:00:00,71515.1945889537,stop_loss,0.007292008010460972,-0.7179076004214696,-0.007179076004214697,-11.183031992070095
343,short,2023-07-21 16:00:00,69444.79344089696,71420.97647226963,54002.72479991785,2023-07-21 20:00:00,71456.68696050576,stop_loss,0.01074787445748432,-22.391586471180908,-0.22391586471180908,-1.0542293772870812
344,long,2023-07-23 02:00:00,74007.20911093839,73125.1097972325,83196.04889370257,2023-07-23 03:00:00,73088.56551447525,stop_loss,0.017978287814357896,-17.82964624278894,-0.17829646242788938,-1.1242862867800265
345,long,2023-07-23 13:00:00,74852.81750936141,73667.77509912603,86935.00790296627,2023-07-23 15:00:00,73630.95961931637,stop_loss,0.013653964772443785,-17.68855911641081,-0.17688559116410812,-1.0932004107827917
346,long,2023-07-23 15:00:00,76132.76517421757,74448.6225953533,88276.54580643054,2023-07-23 19:00:00,74411.41688690985,stop_loss,0.01355343428364515,-24.33871114001991,-0.2433871114001991,-1.066275341963998
347,long,2023-07-23 16:00:00,76487.60059080225,74448.6225953533,89340.52006905328,2023-07-23 19:00:00,74411.41688690985,stop_loss,0.012806072488284376,-27.54067700965052,-0.27540677009650516,-1.0547417017640657
348,short,2023-07-24 11:00:00,65768.55561267304,67985.43076495452,56201.359437969324,2023-07-24 16:00:00,68019.42348033699,stop_loss,0.017085860397401627,-39.62018453380017,-0.3962018453380017,-1.0460161857819643
349,short,2023-07-24 12:00:00,66128.42724593559,67985.43076495452,57281.514145206864,2023-07-24 16:00:00,68019.42348033699,stop_loss,0.018468866463730985,-36.180798585776,-0.36180798585776003,-1.0549337348141905
350,long,2023-07-25 10:00:00,75714.24487190403,72790.21235556598,85291.10529217147,2023-07-25 11:00:00,72753.83543784705,stop_loss,0.016897002670960275,-51.25136786611255,-0.5125136786611255,-1.0373220039609692
351,long,2023-07-27 01:00:00,83425.00780876922,83425.00780876922,97424.14972678774,2023-07-27 04:00:00,83383.31615069388,stop_loss,0.005747766754266812,-0.7189017786472098,-0.007189017786472099,0.0
352,long,2023-07-27 04:00:00,84186.38259805592,82335.67372892547,99707.13260320964,2023-07-27 05:00:00,82294.52646569263,stop_loss,0.010386463795838814,-20.504444345458563,-0.2050444434545856,-1.0666997342248261
353,short,2023-07-27 11:00:00,75744.63299328307,78389.48044230227,50218.68460349277,2023-07-27 17:00:00,78428.67518252342,stop_loss,0.006306344374932655,-17.421092596768563,-0.17421092596768564,-1.0444726653128118
354,short,2023-07-27 16:00:00,76381.3136937334,78444.6618147342,64859.32895243273,2023-07-27 17:00:00,78483.88414564155,stop_loss,0.013944830317802782,-30.41443263017811,-0.30414432630178106,-1.0570462220383394
